n,Training MSE,Validation MSE
1,0.105510856,0.109263238
2,0.002561212,0.003992644
3,0.000915605,0.001235369
4,0.000914634,0.001230391
5,0.000911332,0.001204071
6,0.000895046,0.001259852
7,0.000880826,0.001391642
8,0.000807672,0.00145661
9,0.000806882,0.001534682
10,0.000793088,0.001347577
